{
  "services": {
    "parse": {
      "pushEnabled": false,
      "active": false
    },
    "facebook": {
      "active": false
    },
    "oneSignal": {
      "active": false
    },
    "registration": {
      "endpoints": [
        {
          "dataType": [
            "parse",
            "oneSignal"
          ],
          "urlRegex": null,
          "url": null
        }
      ],
      "active": false
    },
    "analytics": {
      "active": false
    },
    "push": {
      "active": false
    }
  },
  "performance": {
    "webviewPools": [
      {
        "urls": [
          {
            "disown": "reload"
          }
        ]
      }
    ]
  },
  "permissions": {
    "usesGeolocation": true
  },
  "forms": {
    "signupConfig": {
      "active": false,
      "formSelector": null,
      "formInputs": []
    },
    "loginConfig": {
      "formSelector": null,
      "loginIsFirstPage": false,
      "formInputs": []
    },
    "interceptForms": {
      "forms": []
    }
  },
  "styling": {
    "icon": "https://gonative.s3.amazonaws.com/uploads/p75bmm86dz0e2_1460664564008.png",
    "iosHeaderImage": "https://gonative.s3.amazonaws.com/uploads/dyvjttppkm1na_1460664789248.png",
    "showActionBar": false,
    "showNavigationBar": false,
    "iosSidebarFont": "Default",
    "androidHideTitleInActionBar": false,
    "navigationTitleImage": false,
    "iosTheme": "light",
    "androidTheme": "light",
    "androidSidebarBackgroundColor": "#FFFFFF",
    "androidSidebarForegroundColor": "#777777",
    "androidActionBarBackgroundColor": "#0FB801",
    "androidActionBarForegroundColor": "#000000",
    "androidPullToRefreshColor": "#777777",
    "androidAccentColor": "#009688",
    "androidSidebarSeparatorColor": "#585858",
    "androidTabBarBackgroundColor": "#bdbdbd",
    "androidTabBarTextColor": "#000000",
    "androidTabBarIndicatorColor": "#000000",
    "iosTitleColor": "#333333",
    "iosTintColor": "#0091fe",
    "iosSidebarTextColor": "#333333",
    "androidStatusBarBackgroundColor": "#008b00",
    "hideWebviewAlpha": 0.5,
    "disableAnimations": false,
    "androidShowSplash": true,
    "androidLaunchImages": {
      "mdpi": "https://s3.amazonaws.com/gonative/images_generated/1460664652218_69e002k5tph36_180x180.9.png",
      "hdpi": "https://s3.amazonaws.com/gonative/images_generated/1460664652218_kvz1x3gcuajpm_270x270.9.png",
      "xhdpi": "https://s3.amazonaws.com/gonative/images_generated/1460664652218_r8c4zvjv24fwr_360x360.9.png",
      "xxhdpi": "https://s3.amazonaws.com/gonative/images_generated/1460664652218_mpad998jy5gja_540x540.9.png",
      "xxxhdpi": "https://s3.amazonaws.com/gonative/images_generated/1460664652218_7qmd4vp7w73br_720x720.9.png"
    },
    "iosLaunchImages": {
      "ios_launch_640x960": "https://s3.amazonaws.com/gonative/images_generated/1460664591366_8k0ryp6r0r1r2_640x960.png",
      "ios_launch_640x1136": "https://s3.amazonaws.com/gonative/images_generated/1460664591366_cwknwqcgwwqvp_640x1136.png",
      "ios_launch_768x1024": "https://s3.amazonaws.com/gonative/images_generated/1460664591366_t10zpzfcwxx6u_768x1024.png",
      "ios_launch_1024x768": "https://s3.amazonaws.com/gonative/images_generated/1460664591366_b0nrrnpj0d82w_1024x768.png",
      "ios_launch_1536x2048": "https://s3.amazonaws.com/gonative/images_generated/1460664591366_wypxnph3hd6gm_1536x2048.png",
      "ios_launch_2048x1536": "https://s3.amazonaws.com/gonative/images_generated/1460664591367_c7j9wjrjrcp1e_2048x1536.png",
      "ios_launch_750x1334": "https://s3.amazonaws.com/gonative/images_generated/1460664591367_4kqqf703tdgry_750x1334.png",
      "ios_launch_1242x2208": "https://s3.amazonaws.com/gonative/images_generated/1460664591367_0gwamt6j3ym3y_1242x2208.png",
      "ios_launch_2208x1242": "https://s3.amazonaws.com/gonative/images_generated/1460664591367_5q21yw05wkpy2_2208x1242.png"
    },
    "menuAnimationDuration": 0.15,
    "transitionInteractiveDelayMax": 0.2
  },
  "navigation": {
    "androidShowRefreshButton": false,
    "iosShowRefreshButton": false,
    "deepLinkDomains": [],
    "navigationLevels": {
      "levels": [
        null
      ]
    },
    "toolbarNavigation": null,
    "ignorePageFinishedRegexes": [],
    "redirects": [],
    "navigationTitles": {
      "titles": [
        null
      ]
    },
    "regexInternalExternal": {
      "rules": [
        {
          "regex": "mailto:.*",
          "internal": false
        },
        {
          "regex": "https?://([-\\w]+\\.)*facebook\\.com/login.php.*",
          "internal": true
        },
        {
          "regex": "https?://([-\\w]+\\.)*facebook\\.com/dialog.*",
          "internal": true
        },
        {
          "regex": "https?://([-\\w]+\\.)*facebook\\.com/v1\\.0/.*",
          "internal": true
        },
        {
          "regex": "https?://([-\\w]+\\.)*facebook\\.com/oauth.*",
          "internal": true
        },
        {
          "regex": "https?://([-\\w]+\\.)*facebook\\.com/v2\\.0/.*",
          "internal": true
        },
        {
          "regex": "https?://([-\\w]+\\.)*facebook\\.com/checkpoint.*",
          "internal": true
        },
        {
          "regex": "https?://([-\\w]+\\.)*facebook\\.com.*",
          "internal": true
        },
        {
          "regex": "https?://([-\\w]+\\.)*plus\\.google\\.com/share.*",
          "internal": false
        },
        {
          "regex": "https?://([-\\w]+\\.)*twitter\\.com/.*",
          "internal": false
        },
        {
          "regex": "https?://([-\\w]+\\.)*instagram\\.com/.*",
          "internal": false
        },
        {
          "regex": "https?://maps\\.google\\.com.*",
          "internal": false
        },
        {
          "regex": "https?://([-\\w]+\\.)*linkedin\\.com/.*",
          "internal": false
        },
        {
          "regex": "https?://([-\\w]+\\.)*google\\.com/maps/search/.*",
          "internal": false
        },
        {
          "regex": ".*",
          "internal": true
        }
      ]
    },
    "sidebarNavigation": {
      "menus": [
        {
          "name": "default",
          "active": false,
          "items": null
        },
        {
          "name": "loggedIn",
          "active": false,
          "items": null
        }
      ],
      "menuSelectionConfig": {
        "testURL": null,
        "redirectLocations": [
          {
            "regex": null,
            "menuName": "default",
            "loggedIn": false
          },
          {
            "regex": ".*",
            "menuName": "default",
            "loggedIn": true
          }
        ]
      }
    },
    "tabNavigation": {
      "tabMenus": [
        {
          "id": "1",
          "items": [
            {
              "subLinks": []
            }
          ]
        }
      ],
      "tabSelectionConfig": [
        {
          "id": "1",
          "regex": ""
        }
      ]
    },
    "iosPullToRefresh": true,
    "androidPullToRefresh": false
  },
  "general": {
    "userAgentAdd": "andyroid",
    "useWKWebView": true,
    "useCrosswalkWebView": false,
    "initialUrl": "https://appetize.io/embed/rfrjvfbnetak210u35zq0r6x3m?device=iphone5s&scale=75&orientation=portrait&osVersion=9.3",
    "appName": "iVirtual",
    "iosBundleId": "io.maaan.youreallyshouldnthave",
    "androidPackageName": "io.appetize.virtualios",
    "publicKey": "kdxjb",
    "deviceRegKey": "r102rv3p8fa12bqqqzt43mpdcw",
    "replaceStrings": [],
    "userAgentRegexes": []
  }
}